id;nome;email;endereco;cidade;pais
1;Esther Chided;catherine.roy@bellsouth.info;263 Dante Summit;Frisco;Cyprus
2;Wanphen Okada;paula-kjartansson515@yahoo.name;763 Myriam Spur;Wehnerfort;Benin
3;Frank Mahagna;jose-luis+roberts@verizon.name;1450 Laurianne Glens;East Filibertofurt;Antigua and Barbuda
4;Ragnar Haraldsson;luis-yao15@hotmail.name;89 Dante Summit;Tabithaville;Costa Rica
5;Joyce Baker;keiko+schulze@rediffmail.com;1466 Zboncak Harbor;Fort Lauderdale;Sri Lanka
6;Matt Fujii;eugenia+zakharov696@bigpond.biz;1049 Wolf Glen;Marionton;Bahrain
7;Peng Omar;chayah-mhlongo@libero.info;951 Kreiger Mission;Farmington;Central African Republic
8;Lakshmi Wright;monika_brouwer176@laposte.com;1498 Schimmel Fields;North Braulio;Christmas Island
9;Francisca Wen;arun_bauer@telenet.biz;240 Georgiana Throughway;New Solonmouth;Nauru
10;Alan Allen;somphon-birgisson@neuf.dev;1478 Graham Walks;East Filibertofurt;Macao
11;Irina Okon;shlomo_prasad441@club-internet.org;482 Daugherty Center;South Stacey;Peru
12;Olga Zakharova;walter_wilson918@earthlink.dev;645 Heathcote Cliff;West Amiya;Hungary
13;Andrew Kowalski;emma-juma@frontiernet.info;826 Carmelo Plaza;Padbergmouth;Spain
14;Rajendra Tian;mahmoodwanjiku@facebook.biz;288 Fisher Light;Port Ricky;Panama
15;Hiromi Egorova;lilian-lewandowski359@shaw.net;643 Lockman Greens;Tabithaville;Nigeria
16;Aleksandr Wairimu;somphon-zulu@shaw.com;1170 Antonietta Highway;Port Adalberto;Christmas Island
17;Somphong Kowalczyk;aleksandra.kwiatkowski@aliceadsl.org;370 Jazmyn Isle;Lake Ludie;Peru
18;Gisela Chukwu;laxmimakarov@comcast.dev;697 Cronin Shoal;Port Ricky;Panama
19;Mercy Janssen;herbert.herrera627@aliceadsl.name;289 Tremblay Springs;Borerville;Lao Peoples Democratic Republic
20;Yael Hernandez;thawi_hayashi@sfr.biz;435 Dianna Inlet;Durwardton;Namibia
21;Hisako Iglesias;amphon_edwards@gmail.dev;205 Curt Locks;North Sigmund;Virgin Islands, U.S.
22;Isabel Sakamoto;charoen-masarweh8@sbcglobal.biz;795 Eugenia Heights;Kissimmee;Nigeria
23;Anton Buthelezi;hendrik.werner@bluewin.dev;672 Rohan Tunnel;West Amiya;Azerbaijan
24;Horst Moreno;rajendra+cherinsuk470@telenet.com;122 Glover Lights;South Dagmarshire;Paraguay
25;Gisela Umar;eliyahu.neumann710@rediffmail.com;1472 Doyle Expressway;Port Salvador;Albania
26;Uriy Rowlands;sara.yaakv@alice.dev;1146 Goyette Circle;Frisco;Paraguay
27;Vijay Gomez;yan-brown@freenet.name;1120 Jocelyn Throughway;Connfurt;Germany
28;Marina Goto;jose-maria-pavlova@planet.info;721 Howell Plaza;Lake Adell;Argentina
29;Jose-Manuel Pawlak;lijun-huber163@blueyonder.dev;89 Elian Road;South Stacey;Puerto Rico
30;Ravi Rani;aleksandra.guo936@gmail.net;830 Heathcote Cliff;Lake Brianne;Saint Martin
31;Christa Yuan;emmanuelohana@bol.org;1309 Shakira Crossroad;Rogers;Czech Republic
32;Watsana Smits;joy+kobayashi946@earthlink.net;784 Dameon Mountain;West Lucy;New Caledonia
33;Lijun Kumar;elenapretorius540@freenet.biz;1003 Bechtelar Fields;Port Adalberto;Chile
34;Elke Lal;mitsuo-rotich@telenet.info;324 Fisher Light;State College;Benin
35;Zandile Lavyan;hassansisuk@web.name;834 Jocelyn Throughway;New Wallaceberg;Greece
36;Lihua Kamau;janusz_hauksson124@web.io;268 Bechtelar Fields;New Kyle;Ethiopia
37;Sunday Cano;kjartan+okada@terra.io;741 Forest Path;North Celia;Tanzania
38;Ling Dlamini;nicola.mutua@live.io;801 Chyna Plaza;Lake Cesar;Tanzania
39;Ping Reyes;michiko.isaac673@gmx.com;1103 Aracely Row;New Davonteside;Syrian Arab Republic
40;Renate Yoshida;mercymuhammed531@att.com;464 Goyette Circle;Fort Lauderdale;Saint Kitts and Nevis
41;Qing Nakano;shizukopritchard860@club-internet.net;162 Moises Causeway;New Davonteside;Bahrain
42;Lukasz Ikeda;yisrael.omer928@sfr.info;234 Lockman Greens;Langborough;Burundi
43;Keiko Bala;andriesqiu@charter.net;1268 Dante Summit;West Amiya;France
44;Adiy Lang;petrus.kibet718@bol.io;1095 Emerald Key;Bellingham;Mauritius
45;Andrzej Smoakley;xiaohongcooper117@free.org;965 Collins Lane;Maxwellport;Bolivia
46;Mitsuo Nel;nicola+sharma@telenet.net;487 Dave Stravenue;Port Ricky;Croatia
47;Krzysztof Ishii;tadashi.andreev942@sky.biz;348 Jazmyn Isle;Aliso Viejo;Belarus
48;Mahmood Li;francisco.moreno@voila.info;14 Durgan Parkways;West Amiya;Guinea
49;Rajesh Jimenez;charoen+ota@uol.net;1162 Zulauf Branch;Lawrence;Montenegro
50;Hadiza Schmidt;rose+sawicki281@club-internet.com;154 Jade Shore;Lawrence;Sierra Leone
51;Rajendra Lal;graham-ivanov687@zonnet.info;203 Graham Walks;Aliso Viejo;Montserrat
52;Natalya Sah;musapetrov207@alice.info;624 Parker Ways;Opalbury;Czech Republic
53;Susanne Vaknin;aliyu.witkowski629@shaw.name;516 Collins Lane;Port Ricky;Latvia
54;Jianjun Coetzee;nushi.szewczyk553@mac.org;1190 Smitham Drive;Tryciastad;Cocos (Keeling) Islands
55;Johanna Begum;nicola+shevchenko@wanadoo.info;1386 Carter Pike;West Lucy;Czech Republic
56;Fran Mthembu;kenji_richardson@mac.com;821 Myriam Spur;New Ansley;Estonia
57;Tadashi Gumede;artur.egorova@msn.name;428 Doyle Expressway;New Davonteside;Ethiopia
58;Justyna Nikolaev;koji-evans@wanadoo.biz;568 Buckridge Drives;Reichertland;United Kingdom
59;Barbara Kimura;lakshmi_mandal17@terra.name;712 Dante Summit;South Dagmarshire;Macao
60;Abubakar Popov;qiang+robinson@arcor.biz;769 Moises Causeway;North Nona;Norfolk Island
61;Ester Ngobeni;fatima-parker@hetnet.com;648 Carmelo Plaza;Port Amie;Norfolk Island
62;Xiaoyan Suzuki;jianping_van-dijk939@home.org;422 Lehner Drive;Wehnerfort;Mayotte
63;Sombun Schmid;george.kowalski235@tiscali.dev;1389 Myriam Spur;Williemouth;Dominican Republic
64;Ming Gil;yoshio+sakai@neuf.biz;979 Natalia Points;Rogers;Slovakia (Slovak Republic)
65;Fumiko De-Groot;yoshiko.udo@gmail.biz;1126 Sammy Creek;Kettering;Macao
66;Helmut Van-Beek;antonia.bauer@arcor.com;253 Stroman Turnpike;Jaskolskifort;Qatar
67;Karen Patil;anan.hill@verizon.net;632 Adell Mews;Rettaland;Somalia
68;Miykhal Novikov;yoshiko.omar160@msn.info;271 Harmon Lodge;Erynside;Somalia
69;Richard Sanchez;manju.thomas@web.name;220 Torphy Fords;Henderson;Syrian Arab Republic
70;Karolina Edwards;gita_sukkasem@alice.biz;789 Zboncak Center;Connfurt;Nigeria
71;Xiaoyan Mishra;valentinarivera@frontiernet.dev;1342 Natalia Points;Port Amie;Latvia
72;Mary Thompson;jin_dayan@aliceadsl.info;307 Emard Hill;Jaquelinview;New Caledonia
73;Joyce Chmielewski;karen-morozov213@sympatico.io;907 Tremblay Springs;New Kyle;Virgin Islands, U.S.
74;Joyce Mahato;reiko_mutua@club-internet.biz;123 Dave Stravenue;Fort Lauderdale;Faroe Islands
75;Tebogo Kim;katsumi_sun@free.net;1099 Wolf Glen;Rogers;Germany
76;Lilian Mondal;mpho+malkah605@hotmail.org;1376 Arturo Manors;New Philip;Germany
77;Sarah Kowalczyk;krzysztof+ye@live.biz;314 Cole Center;Reichertland;Burkina Faso
78;Manuel Schmid;hiromibakker588@aim.io;310 Brisa Hill;East Khalilton;Saint Barthelemy
79;Mikhail Nikolaev;helga.kowalczyk511@mail.info;180 Zboncak Harbor;Jaquelinview;Spain
80;Karolina Mondal;idris_witkowski@planet.io;148 Georgiana Throughway;Franeckiview;Cocos (Keeling) Islands
81;Ngozi Qiu;laxmimatsumoto@bol.dev;273 Hauck Stream;North Nona;Mozambique
82;Hiroshi Morozova;sawat-walczak812@centurytel.info;308 Carmelo Plaza;Port Asa;Colombia
83;Liping Suzuki;kjartan+van-der-linden695@verizon.biz;608 Max Wall;Williemouth;Saint Kitts and Nevis
84;Janet Lee;michal-saito@sky.name;1118 Leffler Fields;New Kyle;Argentina
85;Suman Mbatha;yoshimi.dlamini899@freenet.com;1087 Schimmel Fields;Connfurt;Colombia
86;Rosa Sitwat;yan.mthembu812@verizon.info;1189 Benny River;West Dellside;Chile
87;Kjartan Mwangi;qiangschmitt988@ig.com;1086 Joshuah Fork;Janefurt;French Southern Territories
88;Suphaphon Aminu;yuriy.rabiu867@neuf.dev;1351 Quigley Parkways;Padbergmouth;Germany
89;Winai Njoroge;francis-omondi702@freenet.io;1412 King Springs;Port Asa;Czech Republic
90;Vijay Pietrzak;bunmi_ito271@earthlink.org;1158 Kreiger Mission;Cruzshire;Saint Barthelemy
91;Janusz Young;masakoaminu103@yahoo.dev;1421 Laurianne Glens;Lake Cesar;Spain
92;Karen Ali;kabiru-schulz@aim.net;675 Fisher Light;Tryciastad;Nigeria
93;Dieter Paswan;karen.king909@gmx.name;533 Konopelski Inlet;Fort Lauderdale;Romania
94;Karl-Heinz Nikolaev;jose-manuel+hassan185@blueyonder.info;1089 Max Wall;Port Adalberto;Cyprus
95;Yael Smee;claudia-abubakar844@verizon.org;1174 Adell Mews;Glen Burnie;Afghanistan
96;Dariusz Vazquez;xiaoli_ivanov698@home.biz;855 Howell Vista;Jaquelinview;Qatar
97;Min Molefe;artur-jabarin@tiscali.net;1161 Leffler Fields;Denesikburgh;Uruguay
98;Bjarni Fujita;werner.szewczyk@googlemail.io;289 Schumm Land;Kissimmee;Mauritius
99;Mikhail Yakovleva;yasuko_malkah915@centurytel.org;1384 Aracely Row;New Merle;France
100;Carmen Wagner;ning+tanaka30@home.com;533 Howell Vista;South Stacey;Tunisia
101;Yahaya Su;waraphon_hartmann260@optonline.info;1462 Konopelski Inlet;West Dellside;Burkina Faso
102;Nancy Shevchenko;carolvolkov@freenet.io;497 Corwin Mission;Haneborough;Isle of Man
103;Irina Maluleke;lisa-maluleke713@sbcglobal.io;13 Stiedemann Field;Jaquelinview;Panama
104;Chan Sasaki;sammy+jiang34@facebook.dev;1127 Cronin Shoal;Venamouth;Latvia
105;Yue Mahagna;vijay+mayer280@arcor.org;1339 Conner Vista;South Verdieton;Senegal
106;Somkhit Shemesh;salisu+adri@bluewin.info;1462 Stokes Wells;Langborough;Paraguay
107;Asha Ostrowski;john-hasegawa@shaw.io;994 Rosendo Spring;Metairie;Monaco
108;Jianguo Lehmann;samran-usman792@orange.com;1273 Emard Hill;Elisabethland;New Caledonia
109;Sunday Richter;karolina-cui@mac.name;1163 Carter Pike;Lake Cesar;Ethiopia
110;Isa Khoza;ibrahimkim@live.name;1010 Zulauf Branch;Aliso Viejo;Greece
111;Martha Vasilev;magdalenakuznetsova389@comcast.net;749 Rath Walk;West Simone;Wallis and Futuna
112;Tatyana Van-Beek;yael-yahaya@facebook.io;1026 Hilma Mills;Marionton;Canada
113;Alexander Santos;isaacgutierrez715@sfr.org;852 Jazmyn Isle;North Antonetta;Antigua and Barbuda
114;Esther Hassan;busisiwe_shimizu981@tin.com;1381 Wolf Glen;Shoreline;Indonesia
115;Jose Das;cristina_malkah792@sfr.name;1345 Joshuah Fork;Murray;Germany
116;Johan Sitwat;chao-akpan@rediffmail.org;780 Parker Ways;North Celia;Saint Martin
117;Pushpa Lawal;jianjun.nxumalo@juno.dev;236 Carter Pike;Lake Zackton;Saint Barthelemy
118;Muhammed Molefe;abubakar+shaw@yandex.name;275 Rosendo Spring;West Amiya;Tunisia
119;Lan Hoekstra;roy.saito@bluewin.com;340 Curt Locks;Rogers;Comoros
120;Chen John;elenasaidu608@sfr.info;51 Fisher Light;Durwardton;Nigeria
121;Edda Davies;vinod-stepanova@mail.info;649 Cade Forks;New Montemouth;Argentina
122;Mitsuo Rumbelow;nangao543@windstream.info;634 Wolf Glen;North Celia;Central African Republic
123;Victor Sulaiman;yhudiytkok@me.info;1425 Hauck Stream;Katrinaside;Saint Kitts and Nevis
124;Alyona Yahaya;somnuekkubiak300@windstream.dev;1238 Shakira Crossroad;New Montemouth;Uruguay
125;Jianguo Cruz;iwona_wei@googlemail.net;279 Harber Village;New Montemouth;United States of America
126;Ana Roberts;natalya.dominguez879@msn.net;764 Harmon Lodge;East Vicentaborough;Slovakia (Slovak Republic)
127;Michal Makarov;heike_nikolaeva@hotmail.dev;567 Benny River;Lake Cesar;Pitcairn Islands
128;Lyubov Molina;jakubokada@rocketmail.dev;487 Moises Causeway;North Sigmund;Senegal
129;Mali Blom;matthew+valdez62@juno.name;646 Kreiger Mission;South Darienbury;Romania
130;Marina Wojciechowski;mpho_saeueng@telenet.info;253 Dante Summit;Maxwellport;Montserrat
131;Purity Sato;yasuomeyer@centurytel.info;1470 Jade Shore;New Garlandfort;French Southern Territories
132;Radha Collins;yue-ma35@web.org;1412 Aracely Row;Reichertland;Central African Republic
133;Ana Phillips;valentina_yuan@arcor.dev;540 Price Spring;Aliso Viejo;Bahrain
134;Yhudiyt Williams;peng_ostrowski@optonline.io;448 Moises Causeway;West Janetborough;Slovakia (Slovak Republic)
135;Pilar Jansen;somphon.clarke993@arcor.com;1371 Torphy Fords;Lake Brianne;Gabon
136;Zandile Atieno;philip_khan@tin.info;715 Antonietta Highway;Tabithaville;Bolivia
137;Maciej Endo;raphael_juma@web.com;550 Corwin Mission;Connfurt;Spain
138;Andrey Pfeiffer;wirot.otieno@sympatico.com;1341 Sammy Creek;North Celia;Saint Kitts and Nevis
139;Nonhlanhla Dijkstra;somkiat_omer@laposte.name;388 Eugenia Heights;Tryciastad;Mauritius
140;David Venter;somkhit-bitton208@wanadoo.io;123 Harber Village;Tallahassee;Burundi
141;Yhudiyt Kozlova;adiy_he@uol.com;987 Caesar Place;Padbergmouth;Benin
142;Hong Barasa;andri+morozov@tiscali.io;1347 Glover Lights;Port Ricky;Germany
143;Heinz Lis;jabulani.ogawa@googlemail.info;621 Graham Walks;Bahringertown;Liechtenstein
144;Pablo Zoabi;somchit.schmidt295@hetnet.net;1149 Howell Vista;New Philip;Ecuador
145;Urai Andreev;aisha+nyambura355@tiscali.net;1224 Adell Mews;White Plains;Hungary
146;Ping Onyango;santoshjones@neuf.info;1254 Sammy Creek;Venamouth;Albania
147;Li Hughes;janet-volkov@laposte.info;1069 Cronin Shoal;West Simone;Belize
148;Meiyr Green;james.van-dam@planet.name;1082 Beer Plaza;New Montemouth;Puerto Rico
149;Eunice Powell;asha-kaur783@chello.net;1032 Joshuah Fork;Lake Ludie;Tajikistan
150;Asha Ngubane;miriam.rungrueang358@t-online.info;69 Cronin Shoal;Franeckiview;Slovakia (Slovak Republic)